{
    "observation.state": {
        "mean": [
            0.05501465126872063,
            0.008031376637518406,
            -0.6291791796684265,
            0.3285597860813141,
            0.3761294484138489,
            0.6788163185119629,
            -0.10778973251581192,
            1.168215274810791
        ],
        "std": [
            0.12095820903778076,
            0.14516377449035645,
            0.09790961444377899,
            0.38020551204681396,
            0.3647456169128418,
            0.4981241524219513,
            0.14178328216075897,
            1.4052847623825073
        ],
        "min": [
            -0.36793315410614014,
            -0.39616236090660095,
            -0.8169298768043518,
            -0.06427863240242004,
            -0.6727321147918701,
            -0.07801175117492676,
            -0.5182345509529114,
            -0.1024261936545372
        ],
        "max": [
            0.3580147922039032,
            0.33436331152915955,
            -0.17376211285591125,
            1.6348134279251099,
            1.0839627981185913,
            1.5466926097869873,
            0.5315861701965332,
            5.023460865020752
        ],
        "q01": [
            -0.24563973277807233,
            -0.24144349992275235,
            -0.7999237179756165,
            -0.04787518084049225,
            -0.45468834042549133,
            -0.009346149861812592,
            -0.44728007912635803,
            -0.10166323184967041
        ],
        "q99": [
            0.3233005404472351,
            0.3229190409183502,
            -0.31795987486839294,
            1.3660334348678582,
            0.9893568158149719,
            1.5459296703338623,
            0.15354390442371368,
            4.727054119110107
        ]
    },
    "action": {
        "mean": [
            0.19552473723888397,
            0.015886107459664345,
            -0.6306684613227844,
            0.34267279505729675,
            0.37981927394866943,
            0.6947694420814514,
            -0.1267174482345581,
            0.12846767902374268
        ],
        "std": [
            0.24968788027763367,
            0.16362054646015167,
            0.0996064692735672,
            0.39288145303726196,
            0.36976924538612366,
            0.5113725066184998,
            0.23200277984142303,
            2.1647584438323975
        ],
        "min": [
            -0.3847180902957916,
            -0.404173344373703,
            -0.8184558153152466,
            -0.06885634362697601,
            -0.76276034116745,
            -0.10624094307422638,
            -0.8875028491020203,
            -1.9560158252716064
        ],
        "max": [
            0.8127336502075195,
            0.45796138048171997,
            -0.16231784224510193,
            1.6832607984542847,
            1.1339360475540161,
            1.6096360683441162,
            0.7398717999458313,
            5.1810102462768555
        ],
        "q01": [
            -0.17872129380702972,
            -0.25120165944099426,
            -0.8031967878341675,
            -0.04787518084049225,
            -0.46330204606056213,
            -0.0234607495367527,
            -0.7875562906265259,
            -1.7446783781051636
        ],
        "q99": [
            0.7612344622612,
            0.3934920132160187,
            -0.3065156042575836,
            1.405928134918213,
            0.9863049983978271,
            1.574540376663208,
            0.3909819126129144,
            4.951743125915527
        ]
    },
    "timestamp": {
        "mean": [
            7.478634357452393
        ],
        "std": [
            4.341450214385986
        ],
        "min": [
            0.0
        ],
        "max": [
            15.01333236694336
        ],
        "q01": [
            0.12374258518218995
        ],
        "q99": [
            14.857484073638915
        ]
    },
    "annotation.human.action.task_description": {
        "mean": [
            28.472280502319336
        ],
        "std": [
            16.751609802246094
        ],
        "min": [
            0.0
        ],
        "max": [
            57.0
        ],
        "q01": [
            0.0
        ],
        "q99": [
            57.0
        ]
    },
    "task_index": {
        "mean": [
            28.472280502319336
        ],
        "std": [
            16.751609802246094
        ],
        "min": [
            0.0
        ],
        "max": [
            57.0
        ],
        "q01": [
            0.0
        ],
        "q99": [
            57.0
        ]
    },
    "annotation.human.validity": {
        "mean": [
            1.0
        ],
        "std": [
            0.0
        ],
        "min": [
            1.0
        ],
        "max": [
            1.0
        ],
        "q01": [
            1.0
        ],
        "q99": [
            1.0
        ]
    },
    "episode_index": {
        "mean": [
            28.472280502319336
        ],
        "std": [
            16.751609802246094
        ],
        "min": [
            0.0
        ],
        "max": [
            57.0
        ],
        "q01": [
            0.0
        ],
        "q99": [
            57.0
        ]
    },
    "index": {
        "mean": [
            37779.0
        ],
        "std": [
            21812.00390625
        ],
        "min": [
            0.0
        ],
        "max": [
            75558.0
        ],
        "q01": [
            755.58
        ],
        "q99": [
            74802.42
        ]
    },
    "next.reward": {
        "mean": [
            0.0007676120731048286
        ],
        "std": [
            0.027695178985595703
        ],
        "min": [
            0.0
        ],
        "max": [
            1.0
        ],
        "q01": [
            0.0
        ],
        "q99": [
            0.0
        ]
    },
    "next.done": {
        "mean": [
            0.0007676120731048286
        ],
        "std": [
            0.027695178985595703
        ],
        "min": [
            0.0
        ],
        "max": [
            1.0
        ],
        "q01": [
            0.0
        ],
        "q99": [
            0.0
        ]
    }
}